"RuleID";"Severity";"File";"StartLine";"Message";"CWE";"OWASP";"Confidence";"Status";"Observation"
"php.lang.security.injection.tainted-filename.tainted-filename";"WARNING";"instructions.php";"26";"File name based on user input risks server-side request forgery.";"CWE-918: Server-Side Request Forgery (SSRF)";"A10:2021 - Server-Side Request Forgery (SSRF) | A01:2025 - Broken Access Control";"MEDIUM";"À vérifier";""
"php.lang.security.phpinfo-use.phpinfo-use";"ERROR";"phpinfo.php";"8";"The 'phpinfo' function may reveal sensitive information about your environment.";"CWE-200: Exposure of Sensitive Information to an Unauthorized Actor";"A01:2021 - Broken Access Control | A01:2025 - Broken Access Control";"MEDIUM";"À vérifier";""
"php.lang.security.injection.tainted-exec.tainted-exec";"WARNING";"vulnerabilities\api\src\HealthController.php";"88";"User input is passed to a function that executes a shell command. This can lead to remote code execution.";"CWE-78: Improper Neutralization of Special Elements used in an OS Command ('OS Command Injection')";"A03:2021 - Injection | A05:2025 - Injection";"MEDIUM";"À vérifier";""
"php.lang.security.injection.tainted-sql-string.tainted-sql-string";"ERROR";"vulnerabilities\bac\source\low.php";"22";"User data flows into this manually-constructed SQL string. User data can be safely inserted into SQL strings using prepared statements or an object-relational mapper (ORM). Manually-constructed SQL strings is a possible indicator of SQL injection, which could let an attacker steal or manipulate data from the database. Instead, use prepared statements (`$mysqli->prepare(""INSERT INTO test(id, label) VALUES (?, ?)"");`) or a safe library.";"CWE-89: Improper Neutralization of Special Elements used in an SQL Command ('SQL Injection')";"A01:2017 - Injection | A03:2021 - Injection | A05:2025 - Injection";"MEDIUM";"À vérifier";""
"php.lang.security.injection.tainted-sql-string.tainted-sql-string";"ERROR";"vulnerabilities\bac\source\low.php";"35";"User data flows into this manually-constructed SQL string. User data can be safely inserted into SQL strings using prepared statements or an object-relational mapper (ORM). Manually-constructed SQL strings is a possible indicator of SQL injection, which could let an attacker steal or manipulate data from the database. Instead, use prepared statements (`$mysqli->prepare(""INSERT INTO test(id, label) VALUES (?, ?)"");`) or a safe library.";"CWE-89: Improper Neutralization of Special Elements used in an SQL Command ('SQL Injection')";"A01:2017 - Injection | A03:2021 - Injection | A05:2025 - Injection";"MEDIUM";"À vérifier";""
"php.lang.security.injection.tainted-sql-string.tainted-sql-string";"ERROR";"vulnerabilities\bac\source\low.php";"79";"User data flows into this manually-constructed SQL string. User data can be safely inserted into SQL strings using prepared statements or an object-relational mapper (ORM). Manually-constructed SQL strings is a possible indicator of SQL injection, which could let an attacker steal or manipulate data from the database. Instead, use prepared statements (`$mysqli->prepare(""INSERT INTO test(id, label) VALUES (?, ?)"");`) or a safe library.";"CWE-89: Improper Neutralization of Special Elements used in an SQL Command ('SQL Injection')";"A01:2017 - Injection | A03:2021 - Injection | A05:2025 - Injection";"MEDIUM";"À vérifier";""
"php.lang.security.injection.tainted-sql-string.tainted-sql-string";"ERROR";"vulnerabilities\bac\source\medium.php";"21";"User data flows into this manually-constructed SQL string. User data can be safely inserted into SQL strings using prepared statements or an object-relational mapper (ORM). Manually-constructed SQL strings is a possible indicator of SQL injection, which could let an attacker steal or manipulate data from the database. Instead, use prepared statements (`$mysqli->prepare(""INSERT INTO test(id, label) VALUES (?, ?)"");`) or a safe library.";"CWE-89: Improper Neutralization of Special Elements used in an SQL Command ('SQL Injection')";"A01:2017 - Injection | A03:2021 - Injection | A05:2025 - Injection";"MEDIUM";"À vérifier";""
"php.lang.security.injection.tainted-sql-string.tainted-sql-string";"ERROR";"vulnerabilities\bac\source\medium.php";"28";"User data flows into this manually-constructed SQL string. User data can be safely inserted into SQL strings using prepared statements or an object-relational mapper (ORM). Manually-constructed SQL strings is a possible indicator of SQL injection, which could let an attacker steal or manipulate data from the database. Instead, use prepared statements (`$mysqli->prepare(""INSERT INTO test(id, label) VALUES (?, ?)"");`) or a safe library.";"CWE-89: Improper Neutralization of Special Elements used in an SQL Command ('SQL Injection')";"A01:2017 - Injection | A03:2021 - Injection | A05:2025 - Injection";"MEDIUM";"À vérifier";""
"php.lang.security.injection.tainted-sql-string.tainted-sql-string";"ERROR";"vulnerabilities\bac\source\medium.php";"71";"User data flows into this manually-constructed SQL string. User data can be safely inserted into SQL strings using prepared statements or an object-relational mapper (ORM). Manually-constructed SQL strings is a possible indicator of SQL injection, which could let an attacker steal or manipulate data from the database. Instead, use prepared statements (`$mysqli->prepare(""INSERT INTO test(id, label) VALUES (?, ?)"");`) or a safe library.";"CWE-89: Improper Neutralization of Special Elements used in an SQL Command ('SQL Injection')";"A01:2017 - Injection | A03:2021 - Injection | A05:2025 - Injection";"MEDIUM";"À vérifier";""
"php.lang.security.injection.tainted-sql-string.tainted-sql-string";"ERROR";"vulnerabilities\brute\source\low.php";"12";"User data flows into this manually-constructed SQL string. User data can be safely inserted into SQL strings using prepared statements or an object-relational mapper (ORM). Manually-constructed SQL strings is a possible indicator of SQL injection, which could let an attacker steal or manipulate data from the database. Instead, use prepared statements (`$mysqli->prepare(""INSERT INTO test(id, label) VALUES (?, ?)"");`) or a safe library.";"CWE-89: Improper Neutralization of Special Elements used in an SQL Command ('SQL Injection')";"A01:2017 - Injection | A03:2021 - Injection | A05:2025 - Injection";"MEDIUM";"À vérifier";""
"php.lang.security.injection.echoed-request.echoed-request";"ERROR";"vulnerabilities\csp\source\jsonp.php";"12";"`Echo`ing user input risks cross-site scripting vulnerability. You should use `htmlentities()` when showing data to users.";"CWE-79: Improper Neutralization of Input During Web Page Generation ('Cross-site Scripting')";"A07:2017 - Cross-Site Scripting (XSS) | A03:2021 - Injection | A05:2025 - Injection";"MEDIUM";"À vérifier";""
"php.lang.security.injection.tainted-exec.tainted-exec";"WARNING";"vulnerabilities\exec\source\high.php";"26";"User input is passed to a function that executes a shell command. This can lead to remote code execution.";"CWE-78: Improper Neutralization of Special Elements used in an OS Command ('OS Command Injection')";"A03:2021 - Injection | A05:2025 - Injection";"MEDIUM";"À vérifier";""
"php.lang.security.tainted-exec.tainted-exec";"ERROR";"vulnerabilities\exec\source\high.php";"26";"Executing non-constant commands. This can lead to command injection. You should use `escapeshellarg()` when using command.";"CWE-94: Improper Control of Generation of Code ('Code Injection')";"A03:2021 - Injection | A05:2025 - Injection";"MEDIUM";"À vérifier";""
"php.lang.security.injection.tainted-exec.tainted-exec";"WARNING";"vulnerabilities\exec\source\high.php";"30";"User input is passed to a function that executes a shell command. This can lead to remote code execution.";"CWE-78: Improper Neutralization of Special Elements used in an OS Command ('OS Command Injection')";"A03:2021 - Injection | A05:2025 - Injection";"MEDIUM";"À vérifier";""
"php.lang.security.tainted-exec.tainted-exec";"ERROR";"vulnerabilities\exec\source\high.php";"30";"Executing non-constant commands. This can lead to command injection. You should use `escapeshellarg()` when using command.";"CWE-94: Improper Control of Generation of Code ('Code Injection')";"A03:2021 - Injection | A05:2025 - Injection";"MEDIUM";"À vérifier";""
"php.lang.security.injection.tainted-exec.tainted-exec";"WARNING";"vulnerabilities\exec\source\impossible.php";"22";"User input is passed to a function that executes a shell command. This can lead to remote code execution.";"CWE-78: Improper Neutralization of Special Elements used in an OS Command ('OS Command Injection')";"A03:2021 - Injection | A05:2025 - Injection";"MEDIUM";"À vérifier";""
"php.lang.security.tainted-exec.tainted-exec";"ERROR";"vulnerabilities\exec\source\impossible.php";"22";"Executing non-constant commands. This can lead to command injection. You should use `escapeshellarg()` when using command.";"CWE-94: Improper Control of Generation of Code ('Code Injection')";"A03:2021 - Injection | A05:2025 - Injection";"MEDIUM";"À vérifier";""
"php.lang.security.injection.tainted-exec.tainted-exec";"WARNING";"vulnerabilities\exec\source\impossible.php";"26";"User input is passed to a function that executes a shell command. This can lead to remote code execution.";"CWE-78: Improper Neutralization of Special Elements used in an OS Command ('OS Command Injection')";"A03:2021 - Injection | A05:2025 - Injection";"MEDIUM";"À vérifier";""
"php.lang.security.tainted-exec.tainted-exec";"ERROR";"vulnerabilities\exec\source\impossible.php";"26";"Executing non-constant commands. This can lead to command injection. You should use `escapeshellarg()` when using command.";"CWE-94: Improper Control of Generation of Code ('Code Injection')";"A03:2021 - Injection | A05:2025 - Injection";"MEDIUM";"À vérifier";""
"php.lang.security.injection.tainted-exec.tainted-exec";"WARNING";"vulnerabilities\exec\source\low.php";"10";"User input is passed to a function that executes a shell command. This can lead to remote code execution.";"CWE-78: Improper Neutralization of Special Elements used in an OS Command ('OS Command Injection')";"A03:2021 - Injection | A05:2025 - Injection";"MEDIUM";"À vérifier";""
"php.lang.security.tainted-exec.tainted-exec";"ERROR";"vulnerabilities\exec\source\low.php";"10";"Executing non-constant commands. This can lead to command injection. You should use `escapeshellarg()` when using command.";"CWE-94: Improper Control of Generation of Code ('Code Injection')";"A03:2021 - Injection | A05:2025 - Injection";"MEDIUM";"À vérifier";""
"php.lang.security.injection.tainted-exec.tainted-exec";"WARNING";"vulnerabilities\exec\source\low.php";"14";"User input is passed to a function that executes a shell command. This can lead to remote code execution.";"CWE-78: Improper Neutralization of Special Elements used in an OS Command ('OS Command Injection')";"A03:2021 - Injection | A05:2025 - Injection";"MEDIUM";"À vérifier";""
"php.lang.security.tainted-exec.tainted-exec";"ERROR";"vulnerabilities\exec\source\low.php";"14";"Executing non-constant commands. This can lead to command injection. You should use `escapeshellarg()` when using command.";"CWE-94: Improper Control of Generation of Code ('Code Injection')";"A03:2021 - Injection | A05:2025 - Injection";"MEDIUM";"À vérifier";""
"php.lang.security.injection.tainted-exec.tainted-exec";"WARNING";"vulnerabilities\exec\source\medium.php";"19";"User input is passed to a function that executes a shell command. This can lead to remote code execution.";"CWE-78: Improper Neutralization of Special Elements used in an OS Command ('OS Command Injection')";"A03:2021 - Injection | A05:2025 - Injection";"MEDIUM";"À vérifier";""
"php.lang.security.tainted-exec.tainted-exec";"ERROR";"vulnerabilities\exec\source\medium.php";"19";"Executing non-constant commands. This can lead to command injection. You should use `escapeshellarg()` when using command.";"CWE-94: Improper Control of Generation of Code ('Code Injection')";"A03:2021 - Injection | A05:2025 - Injection";"MEDIUM";"À vérifier";""
"php.lang.security.injection.tainted-exec.tainted-exec";"WARNING";"vulnerabilities\exec\source\medium.php";"23";"User input is passed to a function that executes a shell command. This can lead to remote code execution.";"CWE-78: Improper Neutralization of Special Elements used in an OS Command ('OS Command Injection')";"A03:2021 - Injection | A05:2025 - Injection";"MEDIUM";"À vérifier";""
"php.lang.security.tainted-exec.tainted-exec";"ERROR";"vulnerabilities\exec\source\medium.php";"23";"Executing non-constant commands. This can lead to command injection. You should use `escapeshellarg()` when using command.";"CWE-94: Improper Control of Generation of Code ('Code Injection')";"A03:2021 - Injection | A05:2025 - Injection";"MEDIUM";"À vérifier";""
"php.lang.security.injection.tainted-filename.tainted-filename";"WARNING";"vulnerabilities\fi\source\high.php";"7";"File name based on user input risks server-side request forgery.";"CWE-918: Server-Side Request Forgery (SSRF)";"A10:2021 - Server-Side Request Forgery (SSRF) | A01:2025 - Broken Access Control";"MEDIUM";"À vérifier";""
"php.lang.security.injection.tainted-sql-string.tainted-sql-string";"ERROR";"vulnerabilities\sqli\source\low.php";"10";"User data flows into this manually-constructed SQL string. User data can be safely inserted into SQL strings using prepared statements or an object-relational mapper (ORM). Manually-constructed SQL strings is a possible indicator of SQL injection, which could let an attacker steal or manipulate data from the database. Instead, use prepared statements (`$mysqli->prepare(""INSERT INTO test(id, label) VALUES (?, ?)"");`) or a safe library.";"CWE-89: Improper Neutralization of Special Elements used in an SQL Command ('SQL Injection')";"A01:2017 - Injection | A03:2021 - Injection | A05:2025 - Injection";"MEDIUM";"À vérifier";""
"php.lang.security.injection.tainted-sql-string.tainted-sql-string";"ERROR";"vulnerabilities\sqli\source\low.php";"31";"User data flows into this manually-constructed SQL string. User data can be safely inserted into SQL strings using prepared statements or an object-relational mapper (ORM). Manually-constructed SQL strings is a possible indicator of SQL injection, which could let an attacker steal or manipulate data from the database. Instead, use prepared statements (`$mysqli->prepare(""INSERT INTO test(id, label) VALUES (?, ?)"");`) or a safe library.";"CWE-89: Improper Neutralization of Special Elements used in an SQL Command ('SQL Injection')";"A01:2017 - Injection | A03:2021 - Injection | A05:2025 - Injection";"MEDIUM";"À vérifier";""
"php.lang.security.injection.tainted-sql-string.tainted-sql-string";"ERROR";"vulnerabilities\sqli_blind\source\high.php";"11";"User data flows into this manually-constructed SQL string. User data can be safely inserted into SQL strings using prepared statements or an object-relational mapper (ORM). Manually-constructed SQL strings is a possible indicator of SQL injection, which could let an attacker steal or manipulate data from the database. Instead, use prepared statements (`$mysqli->prepare(""INSERT INTO test(id, label) VALUES (?, ?)"");`) or a safe library.";"CWE-89: Improper Neutralization of Special Elements used in an SQL Command ('SQL Injection')";"A01:2017 - Injection | A03:2021 - Injection | A05:2025 - Injection";"MEDIUM";"À vérifier";""
"php.lang.security.injection.tainted-sql-string.tainted-sql-string";"ERROR";"vulnerabilities\sqli_blind\source\high.php";"33";"User data flows into this manually-constructed SQL string. User data can be safely inserted into SQL strings using prepared statements or an object-relational mapper (ORM). Manually-constructed SQL strings is a possible indicator of SQL injection, which could let an attacker steal or manipulate data from the database. Instead, use prepared statements (`$mysqli->prepare(""INSERT INTO test(id, label) VALUES (?, ?)"");`) or a safe library.";"CWE-89: Improper Neutralization of Special Elements used in an SQL Command ('SQL Injection')";"A01:2017 - Injection | A03:2021 - Injection | A05:2025 - Injection";"MEDIUM";"À vérifier";""
"php.lang.security.injection.tainted-sql-string.tainted-sql-string";"ERROR";"vulnerabilities\sqli_blind\source\low.php";"11";"User data flows into this manually-constructed SQL string. User data can be safely inserted into SQL strings using prepared statements or an object-relational mapper (ORM). Manually-constructed SQL strings is a possible indicator of SQL injection, which could let an attacker steal or manipulate data from the database. Instead, use prepared statements (`$mysqli->prepare(""INSERT INTO test(id, label) VALUES (?, ?)"");`) or a safe library.";"CWE-89: Improper Neutralization of Special Elements used in an SQL Command ('SQL Injection')";"A01:2017 - Injection | A03:2021 - Injection | A05:2025 - Injection";"MEDIUM";"À vérifier";""
"php.lang.security.injection.tainted-sql-string.tainted-sql-string";"ERROR";"vulnerabilities\sqli_blind\source\low.php";"32";"User data flows into this manually-constructed SQL string. User data can be safely inserted into SQL strings using prepared statements or an object-relational mapper (ORM). Manually-constructed SQL strings is a possible indicator of SQL injection, which could let an attacker steal or manipulate data from the database. Instead, use prepared statements (`$mysqli->prepare(""INSERT INTO test(id, label) VALUES (?, ?)"");`) or a safe library.";"CWE-89: Improper Neutralization of Special Elements used in an SQL Command ('SQL Injection')";"A01:2017 - Injection | A03:2021 - Injection | A05:2025 - Injection";"MEDIUM";"À vérifier";""
"php.lang.security.injection.tainted-sql-string.tainted-sql-string";"ERROR";"vulnerabilities\sqli_blind\source\medium.php";"34";"User data flows into this manually-constructed SQL string. User data can be safely inserted into SQL strings using prepared statements or an object-relational mapper (ORM). Manually-constructed SQL strings is a possible indicator of SQL injection, which could let an attacker steal or manipulate data from the database. Instead, use prepared statements (`$mysqli->prepare(""INSERT INTO test(id, label) VALUES (?, ?)"");`) or a safe library.";"CWE-89: Improper Neutralization of Special Elements used in an SQL Command ('SQL Injection')";"A01:2017 - Injection | A03:2021 - Injection | A05:2025 - Injection";"MEDIUM";"À vérifier";""
"php.lang.security.injection.tainted-filename.tainted-filename";"WARNING";"vulnerabilities\view_help.php";"20";"File name based on user input risks server-side request forgery.";"CWE-918: Server-Side Request Forgery (SSRF)";"A10:2021 - Server-Side Request Forgery (SSRF) | A01:2025 - Broken Access Control";"MEDIUM";"À vérifier";""
"php.lang.security.injection.tainted-filename.tainted-filename";"WARNING";"vulnerabilities\view_help.php";"22";"File name based on user input risks server-side request forgery.";"CWE-918: Server-Side Request Forgery (SSRF)";"A10:2021 - Server-Side Request Forgery (SSRF) | A01:2025 - Broken Access Control";"MEDIUM";"À vérifier";""
"php.lang.security.injection.tainted-filename.tainted-filename";"WARNING";"vulnerabilities\view_source.php";"63";"File name based on user input risks server-side request forgery.";"CWE-918: Server-Side Request Forgery (SSRF)";"A10:2021 - Server-Side Request Forgery (SSRF) | A01:2025 - Broken Access Control";"MEDIUM";"À vérifier";""
"php.lang.security.injection.tainted-filename.tainted-filename";"WARNING";"vulnerabilities\view_source.php";"67";"File name based on user input risks server-side request forgery.";"CWE-918: Server-Side Request Forgery (SSRF)";"A10:2021 - Server-Side Request Forgery (SSRF) | A01:2025 - Broken Access Control";"MEDIUM";"À vérifier";""
"php.lang.security.injection.tainted-filename.tainted-filename";"WARNING";"vulnerabilities\view_source.php";"68";"File name based on user input risks server-side request forgery.";"CWE-918: Server-Side Request Forgery (SSRF)";"A10:2021 - Server-Side Request Forgery (SSRF) | A01:2025 - Broken Access Control";"MEDIUM";"À vérifier";""
"php.lang.security.injection.tainted-filename.tainted-filename";"WARNING";"vulnerabilities\view_source_all.php";"14";"File name based on user input risks server-side request forgery.";"CWE-918: Server-Side Request Forgery (SSRF)";"A10:2021 - Server-Side Request Forgery (SSRF) | A01:2025 - Broken Access Control";"MEDIUM";"À vérifier";""
"php.lang.security.injection.tainted-filename.tainted-filename";"WARNING";"vulnerabilities\view_source_all.php";"18";"File name based on user input risks server-side request forgery.";"CWE-918: Server-Side Request Forgery (SSRF)";"A10:2021 - Server-Side Request Forgery (SSRF) | A01:2025 - Broken Access Control";"MEDIUM";"À vérifier";""
"php.lang.security.injection.tainted-filename.tainted-filename";"WARNING";"vulnerabilities\view_source_all.php";"22";"File name based on user input risks server-side request forgery.";"CWE-918: Server-Side Request Forgery (SSRF)";"A10:2021 - Server-Side Request Forgery (SSRF) | A01:2025 - Broken Access Control";"MEDIUM";"À vérifier";""
"php.lang.security.injection.tainted-filename.tainted-filename";"WARNING";"vulnerabilities\view_source_all.php";"26";"File name based on user input risks server-side request forgery.";"CWE-918: Server-Side Request Forgery (SSRF)";"A10:2021 - Server-Side Request Forgery (SSRF) | A01:2025 - Broken Access Control";"MEDIUM";"À vérifier";""
